player_handle,player_id
supa,qvRaW88J
brennan,Y3KmedlJ
glaciers,rnGKpmen
kinnick,qnB5GbE3
mario,dnWdj1J0
etan22,rnGzeXl3
swouse,PJPE6NYv
mccasual,4JZlE273
diehard,7J6a4rbn
artifact,WJqLREwn
caustic,BJ0zdXp3
icy,wJpWLBbn
shad0w,gnVxNqyv
_vinnie,wJ2wp5kv
gio,WJqLyqAn
hulkman1025,k3LaKZen
tgeneral,gv86g4Gn
ukator,X3o1q9Je
zayo,rnGzd2O3
cyl,R3X06N53
downs,wJpXE0XJ
dugz,4JZM47zn
hairston,Gv1Xj49J
trinidad,QvDYw483
psyklone,mvg0jzm3
mrswaggymcswag0,dnWRVwD3
max,qnBO9a7J
grounded,WJqXNpan
jamie,PJPkzO9n
kiddo,43QdYxjv
leek,4JZMxMDn
dawkins_,4JZZ1xOJ
flem2tuff,X3oOjjA3
garrett,gnVZLXZn
timeless,Gv1wOzyn
corbin,4JZo9wZv
exam,5nxNLdbv
dukelostpro,dnW7RQ0n
jd5,qvR1NX6J
five,kJw0B6av
knightnate12,Anzj01qn
mythic,rJN1l8Nn
zim,oJlaaVPv
kidder,4JZoG2zv
thereturnofzlo,PJPWoOxn
jameswyo,kJw8Vo1v
etan_,k3LKGzYv
tranglerz,mvg08B73
tralogik,X3ooP623
bruins,xna8Ka32
eclipse,Anzok2pJ
jonah,WJqgj2l3
labaron,k3LaGaXn
otf,9JmWEpA3
batyyy,kJw0Qrkv
nazreidadmirer,AnzolbQJ
xintervol,Anz49Vjv
fat,kJwja6Kn
burress,qvR18myJ
pierreolivierjoseph,WJqyGPaJ
raiola,oJlV8ky3
devinbooker,qnBOPX8J
juan.soto22,QvD5MDq3
lamb,PJP16E2v
willi3,LJ52WG4v
robertjr,AnzoLaQJ
xo,xnaMDan2
_jake,LJ5A16NJ
reeseolson,9vYPjzpJ
luther,gnVYXxq3
pedropages,dvdMg4N3
cinemax,53j5XLPv
tw0,qnBlqG8v
chazwick,DJ4YP6lv
croger,9JmdRkdn
dri,5nxP2zpn
ederick2442,wJpoLVXn
snowy,qvRNwz8v
spidermonkee,PJP2rzx3
neev,4JZkl5Ov
chrono,V3ylqmRv
bigsnook,jvbRaaev
poolepartyjp3,43QqNWl3
draculas,qnB6E2ln
fieryrage,9JmMDwxJ
bohm,mvgyzROn
license,Gv1Eax6v
markjackson,dnWgodDn
emo,xnrb4Wbn
jackbl8,k3LALadn
jordancarter,DJ4GWmln
chittum,PJPB7G3y
shion,qvR8wVKn
cry,oJlrWbq3
waggnut,V3ygbKmJ
bigk,5nxDQrpn